marker,entropy_pos_X,entropy_vel_X,mean_vel_X,entropy_pos_Y,entropy_vel_Y,mean_vel_Y,entropy_pos_Z,entropy_vel_Z,mean_vel_Z,Groups,trail,subjects
0,0.009715981,0.235347105,-0.000616447,0.01387815,0.244756568,-0.000220347,0.024146062,0.291418743,0.000370497,traditional,1,1
1,0.00951138,0.115280033,-0.000700434,0.007882396,0.114706668,-0.000253237,0.01080273,0.154489158,0.000409812,traditional,2,1
2,0.017920908,0.249273683,-0.001218674,0.025649739,0.210655574,-0.000469678,0.063373827,0.380560609,0.000659254,traditional,3,1
3,0.017058669,0.199248527,-0.00120845,0.029427302,0.185270862,-0.000472853,0.050526771,0.321583624,0.000705194,traditional,4,1
4,0.016003548,0.250192409,-0.001182422,0.01906536,0.240459628,-0.000465066,0.061699647,0.363345094,0.000633512,traditional,5,1
5,0.016363105,0.268439664,-0.00117359,0.027367015,0.148314393,-0.000677486,0.062431137,0.254827264,0.000563286,traditional,6,1
6,0.012362381,0.192165684,-0.001236601,0.019284808,0.164634781,-0.000389439,0.056866722,0.213411796,0.000608518,traditional,7,1
7,0.014462114,0.31230922,-0.001224225,0.025659351,0.214243165,-0.000487319,0.073143485,0.330766759,0.000670751,traditional,8,1
8,0.015007926,0.235388811,-0.001383878,0.027819085,0.167582789,-0.000494344,0.066156756,0.256507928,0.000636501,traditional,9,1
9,0.016914815,0.144549682,-0.001342186,0.030827906,0.108306353,-0.000745221,0.069503787,0.262021953,0.000728734,traditional,10,1
10,0.008829359,0.249702748,-0.000841132,0.018012909,0.192306115,-0.000219762,0.043415062,0.209494157,0.000355716,human_like,1,1
11,0.010900119,0.144050562,-0.000823141,0.015805633,0.10139221,-0.000124418,0.041079368,0.158370986,0.000194149,human_like,2,1
12,0.01111087,0.333731704,-0.000723855,0.016526769,0.208415936,-0.000219362,0.051800897,0.331080669,0.000377271,human_like,3,1
13,0.010222648,0.224394036,-0.000926768,0.015677108,0.11447547,9.69E-05,0.039249192,0.241224897,-0.000158723,human_like,4,1
14,0.009367769,0.209413551,-0.000641359,0.011359752,0.168127586,-8.40E-05,0.037098643,0.283657431,-9.14E-05,human_like,5,1
15,0.010032909,0.210102726,-0.00075732,0.011465072,0.143031204,-0.000106832,0.03303862,0.165864653,-0.000336686,human_like,6,1
16,0.007129651,0.216126126,-0.000477052,0.006240607,0.180023475,-4.07E-05,0.026979155,0.21869548,0.000159431,human_like,7,1
17,0.010968245,0.179847165,-0.000862236,0.016518131,0.081415843,-0.000151116,0.038738663,0.134628943,0.000364548,human_like,8,1
18,0.010021117,0.227957642,-0.000658429,0.015941142,0.125454342,-0.000145162,0.03955028,0.153294278,0.000336503,human_like,9,1
19,0.014523271,0.129088619,-0.000980807,0.016028348,0.172644945,-0.000200547,0.042481824,0.179719262,0.000459661,human_like,10,1
0,0.019621205,0.227928622,0.000736179,0.021429962,0.193767174,-0.000303489,0.048618068,0.211505956,0.000538191,traditional,1,2
1,0.030325034,0.446885143,0.000359276,0.024339686,0.279657912,-0.000207234,0.0507946,0.420090597,0.001000528,traditional,2,2
2,0.023850864,0.21460035,0.0004121,0.036709598,0.245898146,0.000399059,0.064477751,0.272127533,0.000934609,traditional,3,2
3,0.024083886,0.319953755,0.001177488,0.023771461,0.162063644,-0.001118985,0.095220569,0.448754204,0.000596675,traditional,4,2
4,0.032674228,0.402389129,0.000490206,0.042208181,0.303299256,0.000179966,0.088203869,0.36771332,0.001039945,traditional,5,2
5,0.046372699,0.513815426,8.53E-05,0.027352794,0.306484823,0.000601976,0.051378959,0.44748112,0.001385046,traditional,6,2
6,0.053270231,0.360544428,0.000729014,0.025207989,0.323893747,-0.000821868,0.105165293,0.460615971,0.001161642,traditional,7,2
7,0.048018812,0.243557715,0.00106209,0.036028818,0.248019985,-0.000406736,0.100360505,0.30343511,0.001152419,traditional,8,2
8,0.04610323,0.607306804,0.000877425,0.055483816,0.500846924,-0.000776156,0.128594887,0.573382431,0.001061858,traditional,9,2
9,0.050738597,0.265834352,0.00056938,0.064031574,0.28389103,0.000659449,0.091035643,0.398759772,0.001151199,traditional,10,2
10,0.052442138,0.290072177,-9.06E-05,0.058285539,0.193746597,-0.00015183,0.09035473,0.262833785,0.000390394,human_like,1,2
11,0.060825624,0.365948788,0.000142846,0.067550801,0.274407405,-0.000446492,0.144087524,0.284703357,0.002376906,human_like,2,2
12,0.03654467,0.349258229,-2.22E-07,0.054616303,0.277525484,0.000235434,0.085295406,0.210348767,0.000702424,human_like,3,2
13,0.054680757,0.15445884,0.000541587,0.061707571,0.162024812,0.000240002,0.077444727,0.167750872,4.74E-05,human_like,4,2
14,0.046199672,0.156820019,-6.92E-05,0.04837652,0.229293272,0.000489986,0.082625233,0.17175177,0.001961459,human_like,5,2
15,0.066646199,0.287974257,-1.13E-05,0.037069112,0.221383329,0.000677386,0.056986192,0.252462868,0.00136496,human_like,6,2
16,0.054448657,0.150810115,0.000199214,0.048328623,0.238574196,0.001944818,0.068335651,0.151370304,0.000700685,human_like,7,2
17,0.045884166,0.130330124,0.000327222,0.064706923,0.212171722,0.000896436,0.058381753,0.185239475,0.000648886,human_like,8,2
18,0.058898179,0.187135939,0.000427577,0.075552995,0.254765389,0.000199428,0.072647073,0.287682072,0.001737331,human_like,9,2
19,0.043541221,0.205104241,0.000559189,0.069915214,0.3397682,0.001099996,0.064887984,0.303604687,0.001322517,human_like,10,2
0,0.004047466,0.280894515,-0.000559503,0.014145039,0.240821057,0.000201605,0.039997823,0.392900225,0.000207194,traditional,1,3
1,0.006752558,0.21098514,-0.000819522,0.023593981,0.223204616,-8.77E-05,0.048414748,0.27937788,0.000364072,traditional,2,3
2,0.009647983,0.143952529,-0.00115724,0.017975192,0.175642853,-0.000326996,0.056724292,0.294468332,0.000600102,traditional,3,3
3,0.007755435,0.216702876,-0.001259765,0.016357176,0.18023677,-0.000321077,0.048563288,0.280490547,0.000614364,traditional,4,3
4,0.011431015,0.134105231,-0.001596065,0.023392558,0.180162172,-0.000329314,0.066872762,0.255612746,0.000700221,traditional,5,3
5,0.011095645,0.173698889,-0.001236132,0.025891414,0.171716672,-0.000135025,0.064268721,0.272078427,0.000527045,traditional,6,3
6,0.0086268,0.186546872,-0.001542946,0.024578854,0.267041334,-0.000324623,0.066467344,0.329388197,0.000579126,traditional,7,3
7,0.012196878,0.154029596,-0.001179248,0.022380081,0.224503171,-0.000314783,0.061637749,0.244897971,0.000511786,traditional,8,3
8,0.012132063,0.344816048,-0.001855699,0.021427387,0.230324538,-0.000374522,0.076372979,0.409911945,0.000604814,traditional,9,3
9,0.015120613,0.257958233,-0.001724198,0.030372335,0.214947075,-0.000597151,0.079134501,0.305818935,0.000659581,traditional,10,3
10,0.005716554,0.207335138,-0.000194634,0.016286826,0.136516271,-0.000104488,0.028032556,0.1613828,0.000141659,human_like,1,3
11,0.015819323,0.198424314,9.40E-05,0.012560471,0.221736859,2.02E-06,0.045438935,0.221466533,0.000306538,human_like,2,3
12,0.010695693,0.270373026,-0.000590329,0.015463293,0.196818462,-0.000256875,0.051596982,0.200203306,0.000303101,human_like,3,3
13,0.009647726,0.118750386,-0.001040274,0.016449001,0.156302841,-0.000240315,0.061832918,0.208653212,0.000234132,human_like,4,3
14,0.009542826,0.359092184,-0.000839825,0.020916085,0.253684378,-8.84E-05,0.070223578,0.249551905,0.000315148,human_like,5,3
15,0.009393388,0.120194618,-0.001205552,0.018621507,0.168450873,-0.000257431,0.07431557,0.267562853,0.000336758,human_like,6,3
16,0.019543485,0.23961046,-0.000750748,0.022082633,0.138515937,-0.000297868,0.080628696,0.159827605,0.000489058,human_like,7,3
17,0.01140182,0.167026041,-0.00142082,0.024162571,0.13549609,-0.000302112,0.079192931,0.339318201,0.000221266,human_like,8,3
18,0.020359174,0.197896387,-0.001328692,0.031597453,0.154802675,-0.000246231,0.080066634,0.166395307,0.000572207,human_like,9,3
19,0.016346089,0.167631751,-0.001304545,0.021733393,0.182817367,-9.11E-05,0.067964959,0.259714188,0.000265449,human_like,10,3
0,0.028671011,0.21770152,-0.000421322,0.051461127,0.211001504,0.000155377,0.058995107,0.273027064,0.000463359,traditional,1,4
1,0.021383721,0.148939264,-0.000615126,0.03982859,0.229187483,-0.000523258,0.05745553,0.285268708,0.000654614,traditional,2,4
2,0.013157142,0.318453731,-0.000863567,0.042742476,0.289042791,-0.000516308,0.068695389,0.25659851,0.000562715,traditional,3,4
3,0.016855115,0.275861568,-0.001008221,0.043610823,0.390345704,-0.00056639,0.069868897,0.431939764,0.000660664,traditional,4,4
4,0.020189031,0.189900458,-0.001365984,0.032634435,0.163606609,-0.000410692,0.076288513,0.267019044,0.000976341,traditional,5,4
5,0.023608273,0.245002179,-0.000996042,0.046643217,0.270841706,-0.000412163,0.059254383,0.26354264,0.00085598,traditional,6,4
6,0.019201501,0.209310325,-0.00091059,0.036539829,0.208035672,-0.000652306,0.047600098,0.270328321,0.000958591,traditional,7,4
7,0.021922669,0.154403492,-0.00179541,0.045856857,0.164192551,-0.00048584,0.083995456,0.263416105,0.001282659,traditional,8,4
8,0.012146858,0.280289864,-0.001178063,0.041579358,0.254301136,-0.000671139,0.055744566,0.309619716,0.001018804,traditional,9,4
9,0.021722157,0.256392736,-0.001124384,0.033674303,0.154791678,-0.000756365,0.069208888,0.420709306,0.001045011,traditional,10,4
10,0.018781847,0.208377409,-7.37E-05,0.033343784,0.26663628,6.45E-05,0.032140363,0.194658286,0.000197583,human_like,1,4
11,0.023295563,0.160120408,-0.00090538,0.037818922,0.128021071,-0.000584061,0.051449399,0.173583257,0.000667716,human_like,2,4
12,0.020769902,0.142462682,-0.000618866,0.033030438,0.148350473,-0.00057589,0.052921574,0.193020409,0.000881617,human_like,3,4
13,0.023998842,0.140188574,-0.000505309,0.035332624,0.144352654,-9.31E-05,0.064157526,0.132473958,0.00063348,human_like,4,4
14,0.018774838,0.162104166,-0.00050928,0.069278821,0.167942314,3.49E-06,0.085468246,0.175979863,0.000492529,human_like,5,4
15,0.025638113,0.145290626,-0.000745783,0.043957794,0.125988637,-0.000579767,0.063465403,0.192532651,0.000976589,human_like,6,4
16,0.028259802,0.162092259,-0.000753531,0.052206997,0.165740132,-0.000702101,0.071417612,0.184193583,0.001058715,human_like,7,4
17,0.014008149,0.182356657,-0.00031511,0.054291856,0.218661485,-0.000115734,0.065231127,0.202208556,0.000334963,human_like,8,4
18,0.020312609,0.11485331,-0.000532984,0.028059973,0.165845732,-0.000529485,0.051252472,0.349975701,0.000666925,human_like,9,4
19,0.016214746,0.207087558,-0.000932316,0.02443644,0.160992776,-0.000218302,0.052724353,0.27913,0.000961762,human_like,10,4
0,0.010366907,0.338594837,0.000264077,0.026055123,0.338014661,0.000131378,0.038565197,0.296092255,0.000170949,traditional,1,5
1,0.013367772,0.230803096,0.000364856,0.022370031,0.223705334,1.70E-05,0.038749512,0.267158445,8.03E-05,traditional,2,5
2,0.013136305,0.30449529,0.000595501,0.023603712,0.191871112,-1.47E-05,0.04326912,0.347927187,0.000391454,traditional,3,5
3,0.016773248,0.35800467,0.001248957,0.032914556,0.294576149,0.00069055,0.074569248,0.406799925,0.00037897,traditional,4,5
4,0.014008075,0.383460746,0.002340528,0.029964311,0.287705884,-0.00011168,0.083638151,0.428519471,0.000150794,traditional,5,5
5,0.018690972,0.310471735,0.002482756,0.05801197,0.290909421,0.000306847,0.104576949,0.388578016,0.000502875,traditional,6,5
6,0.012454942,0.312968327,0.00197734,0.037513721,0.310819839,0.000252151,0.084730064,0.389572647,0.000457779,traditional,7,5
7,0.016087018,0.341265045,0.00167254,0.035814233,0.408069197,0.000896768,0.088928103,0.45613033,0.000511274,traditional,8,5
8,0.019522312,0.241887273,0.001703224,0.041401795,0.266563094,0.001015479,0.096737053,0.232161123,0.000238618,traditional,9,5
9,0.015120785,0.398474926,0.001556563,0.030368155,0.266592849,0.0008749,0.07252085,0.271494623,0.000486618,traditional,10,5
10,0.029785015,0.241502766,0.000269519,0.029086325,0.201955934,0.000536271,0.049189738,0.289724616,-0.000149336,human_like,1,5
11,0.016527349,0.361780548,0.001168114,0.026243295,0.246246158,1.64E-05,0.072439202,0.364947729,-7.23E-05,human_like,2,5
12,0.020357476,0.489076118,0.002216117,0.025679483,0.248630223,8.09E-05,0.074847557,0.449080145,-0.000149142,human_like,3,5
13,0.019361864,0.369126293,0.002218575,0.024888162,0.18408376,8.19E-05,0.068909137,0.237518304,-0.000294745,human_like,4,5
14,0.018955046,0.301111293,0.00116535,0.036706936,0.230251438,0.000557675,0.118909941,0.318606985,0.000142394,human_like,5,5
15,0.021628032,0.137465456,0.001400164,0.025473324,0.208450245,0.000762256,0.095468801,0.269297266,5.33E-05,human_like,6,5
16,0.011841537,0.246965975,0.001024356,0.034952355,0.220732481,0.000477633,0.076014642,0.244962426,4.40E-05,human_like,7,5
17,0.026758976,0.322360957,0.001996651,0.034768858,0.190565904,0.000328415,0.056964934,0.1881863,-0.001069915,human_like,8,5
18,0.012710815,0.248702829,0.001524377,0.043353878,0.238460017,0.000300134,0.070372367,0.263179606,-0.000160512,human_like,9,5
19,0.012158991,0.275055376,0.001455972,0.039185219,0.264312724,0.000174048,0.0644894,0.302902483,-7.21E-06,human_like,10,5
0,0.020208822,0.401503362,0.00079172,0.034068501,0.393276311,0.000461009,0.057846501,0.564601911,0.000579491,traditional,1,6
1,0.027835667,0.443650401,0.000948306,0.055165037,0.339194958,9.93E-05,0.067145112,0.462308329,0.000142987,traditional,2,6
2,0.025145025,0.398639143,0.001262155,0.051903475,0.33441955,-0.000124032,0.114771906,0.374415257,0.000176228,traditional,3,6
3,0.019855183,0.331968774,-0.003038209,0.048240085,0.361973289,-0.000869022,0.134757849,0.494577515,0.001174731,traditional,4,6
4,0.023726993,0.463774893,-0.002410345,0.05444597,0.342894149,0.000239324,0.08472465,0.485169222,0.001271032,traditional,5,6
5,0.035159872,0.497248012,0.001799203,0.081795889,0.405031551,0.000814252,0.125416661,0.504246653,0.001066801,traditional,6,6
6,0.040433043,0.537142932,0.001246153,0.076116995,0.440489569,0.001180267,0.128963357,0.504165847,0.00088016,traditional,7,6
7,0.024531894,0.405806696,0.002235658,0.062432063,0.304817318,-0.000112044,0.138155851,0.520009513,0.000477787,traditional,8,6
8,0.035053788,0.484735714,0.001733282,0.066680899,0.297634477,-0.000117687,0.147203379,0.494211091,0.000503867,traditional,9,6
9,0.019486408,0.377186037,-0.002709103,0.04358164,0.466336891,0.000159582,0.078838588,0.589739791,0.001283288,traditional,10,6
10,0.013247825,0.360916922,-9.66E-05,0.027499451,0.426910683,0.000112827,0.056091314,0.509200766,2.21E-06,human_like,1,6
11,0.020229593,0.218179386,0.000960046,0.033292358,0.163479839,0.000369253,0.087138281,0.395313183,5.53E-05,human_like,2,6
12,0.015242503,0.249000966,0.0005839,0.037155445,0.184683196,6.59E-05,0.053930486,0.305708042,0.000650341,human_like,3,6
13,0.017828487,0.215004098,0.001587262,0.05414765,0.288758711,9.63E-05,0.097416071,0.373398624,2.70E-05,human_like,4,6
14,0.022470322,0.231639844,0.001822625,0.056215135,0.273911544,-2.03E-05,0.127351842,0.502033376,0.000311922,human_like,5,6
15,0.018078854,0.258930135,-0.001252305,0.029975987,0.165667553,-3.86E-05,0.092997834,0.316443081,0.000890787,human_like,6,6
16,0.03395799,0.255141952,-0.000390959,0.034813933,0.227738898,-8.95E-05,0.089350438,0.337939588,0.000493338,human_like,7,6
17,0.024890174,0.24035645,-0.001362758,0.035391791,0.241775977,0.000183641,0.091813786,0.605217108,0.000969691,human_like,8,6
18,0.022367999,0.192879312,-0.002157438,0.040245949,0.209153936,0.000102338,0.126584825,0.35734586,0.001157107,human_like,9,6
19,0.033777669,0.17729183,0.001105115,0.053459433,0.432928125,6.70E-05,0.081579514,0.474026006,0.000589374,human_like,10,6
0,0.016356639,0.250139318,0.000383309,0.026451527,0.270287795,0.000382941,0.056896233,0.313836853,0.000352911,traditional,1,7
1,0.019078233,0.182443003,0.000793953,0.034500205,0.177256023,-9.37E-05,0.076054775,0.165164945,2.44E-05,traditional,2,7
2,0.017566243,0.176849052,0.000719329,0.034310126,0.194384628,-0.000193763,0.063427498,0.193116494,0.00013928,traditional,3,7
3,0.011915106,0.153911092,0.001022495,0.028201413,0.166199108,-0.000250464,0.057598716,0.189118255,0.000448883,traditional,4,7
4,0.014342895,0.120401301,0.000750675,0.028160035,0.274119986,-8.39E-05,0.071295615,0.213634723,0.000344142,traditional,5,7
5,0.023784688,0.161261324,0.000778914,0.041479326,0.168052916,6.09E-05,0.082782399,0.162593334,0.000488981,traditional,6,7
6,0.014757115,0.238314165,0.000517055,0.025948603,0.236668072,0.000154522,0.041778585,0.281588573,0.000579725,traditional,7,7
7,0.021122734,0.257172417,0.000600421,0.035017399,0.290922434,-8.97E-06,0.063897681,0.202979586,0.000657069,traditional,8,7
8,0.01297284,0.249290981,0.00083608,0.029106793,0.142143949,0.000281212,0.056348574,0.148797863,0.000293229,traditional,9,7
9,0.008500241,0.150666897,0.000690462,0.024290432,0.114637471,-7.60E-05,0.041150054,0.164702568,0.00049664,traditional,10,7
10,0.011149893,0.164584262,0.000489962,0.03294064,0.175047216,0.000124002,0.031798338,0.186893942,0.000759881,human_like,1,7
11,0.019655121,0.188368555,0.000963829,0.038618288,0.263786258,-0.000195406,0.069260447,0.33599981,0.000386385,human_like,2,7
12,0.019636802,0.224958251,0.001230387,0.036228051,0.231886167,-1.28E-05,0.063842616,0.219286991,0.00050306,human_like,3,7
13,0.018114148,0.346049871,0.001055495,0.037299046,0.301792785,0.000103277,0.06577877,0.282260643,0.000855035,human_like,4,7
14,0.013449202,0.145950966,0.000825979,0.03714457,0.224784994,-0.000181737,0.061566099,0.186708338,0.000555079,human_like,5,7
15,0.015712167,0.172598577,0.00056339,0.030938915,0.209525828,0.000140404,0.063188167,0.137104813,0.000231562,human_like,6,7
16,0.012593625,0.160414053,0.000755475,0.042683653,0.147223059,-0.000356208,0.059912235,0.192756854,0.00047162,human_like,7,7
17,0.008199895,0.200202848,0.000737491,0.031209589,0.2286959,6.84E-05,0.045560338,0.17527288,0.000318306,human_like,8,7
18,0.01029142,0.161409449,0.001115694,0.029595064,0.211131699,-3.61E-05,0.061737092,0.221891306,0.00044724,human_like,9,7
19,0.019803207,0.128933581,0.000761875,0.043419901,0.122345582,-0.000182876,0.066820269,0.105434618,0.000763978,human_like,10,7
0,0.009823402,0.100088426,0.000272879,0.026265373,0.243477343,8.08E-05,0.035661208,0.276613185,0.000132767,traditional,1,8
1,0.012290321,0.207306405,-0.000350948,0.013297628,0.284927333,-0.000279778,0.038130031,0.193174887,0.00041305,traditional,2,8
2,0.008599154,0.193019948,-0.000370418,0.017439857,0.202076243,-0.000116702,0.03145304,0.221579917,0.000386975,traditional,3,8
3,0.013408042,0.219192304,0.000274733,0.020291535,0.450603905,-4.94E-05,0.035414208,0.301610859,0.000302054,traditional,4,8
4,0.013324406,0.212736352,0.000544068,0.021621479,0.22347429,5.48E-05,0.03715528,0.202371915,0.000330945,traditional,5,8
5,0.012441315,0.137010406,-0.000454168,0.024758629,0.238694425,-0.000174405,0.032304005,0.217421862,0.000659916,traditional,6,8
6,0.021180136,0.136746391,-0.000135921,0.022362544,0.240684696,-0.000276623,0.029711005,0.283644033,0.000667635,traditional,7,8
7,0.014267658,0.120162476,0.00057149,0.014466377,0.143611859,-7.23E-05,0.034595406,0.203312335,0.000607291,traditional,8,8
8,0.008906914,0.230736201,0.000464477,0.027904663,0.318563488,4.00E-06,0.030776282,0.271401328,0.000480178,traditional,9,8
9,0.015867653,0.154042431,-1.31E-05,0.029951807,0.250571632,2.38E-05,0.043168986,0.200439332,0.000197386,traditional,10,8
10,0.014437741,0.129272751,0.00022549,0.016794573,0.190430416,0.000162778,0.040193564,0.236765141,0.000417109,human_like,1,8
11,0.01376867,0.132379829,0.000521307,0.018968353,0.134298208,8.78E-05,0.053030167,0.198997414,0.000119418,human_like,2,8
12,0.013721477,0.154767185,0.000663584,0.036375215,0.094273447,0.0002957,0.052127867,0.165546088,0.000701428,human_like,3,8
13,0.014785293,0.104803744,0.000633379,0.026814621,0.106512126,1.82E-05,0.038480963,0.123438153,0.000605544,human_like,4,8
14,0.017496134,0.122002885,0.000530312,0.028346731,0.105914695,7.42E-05,0.040390653,0.094832025,0.00062478,human_like,5,8
15,0.01495087,0.132747695,0.001085729,0.023541459,0.15071971,0.000127739,0.053567845,0.137158123,0.00051544,human_like,6,8
16,0.012067601,0.092547407,0.001047569,0.018461815,0.176322698,0.0001217,0.04250733,0.119823312,0.000473676,human_like,7,8
17,0.020272861,0.139975921,0.000652964,0.022965706,0.169643003,0.000228782,0.046170324,0.10562168,0.00050874,human_like,8,8
18,0.010943281,0.086487632,0.000787265,0.022488584,0.128244759,0.000257671,0.029364674,0.076834266,0.000542406,human_like,9,8
19,0.013258438,0.139391391,0.000495916,0.021872746,0.092735767,5.40E-05,0.029266444,0.121995455,0.000248931,human_like,10,8
0,0.011717317,0.268406351,-0.000639108,0.01415704,0.301679283,-0.000226703,0.035691428,0.319944037,0.000529014,traditional,1,9
1,0.013836679,0.1989019,-0.001190146,0.016389885,0.191370113,0.000486634,0.0375131,0.244445461,0.000799734,traditional,2,9
2,0.013600864,0.236131726,-0.001261278,0.015425625,0.253425247,-0.000133388,0.042110037,0.328978366,0.000580803,traditional,3,9
3,0.010875514,0.111884786,-0.000575842,0.012995028,0.235265116,-0.000219027,0.020246438,0.174193891,0.000699896,traditional,4,9
4,0.011806105,0.153636819,-0.000988151,0.020103726,0.253244551,-0.000265152,0.045895806,0.287282125,0.000625747,traditional,5,9
5,0.015291417,0.207548192,-0.00118008,0.02603961,0.303324289,-0.000303239,0.063876893,0.293881636,0.000870841,traditional,6,9
6,0.022145765,0.111043448,-0.000720461,0.023931145,0.114782155,-0.000215122,0.042297517,0.245555231,0.000796987,traditional,7,9
7,0.022746031,0.12663993,-0.000811977,0.022951049,0.187069574,-0.000158373,0.050128477,0.249336693,0.000824287,traditional,8,9
8,0.018923027,0.169574038,-0.001209137,0.019399636,0.198034144,-0.000127084,0.059350852,0.211113469,0.000651487,traditional,9,9
9,0.019168122,0.257350654,-0.001549623,0.026766402,0.19786837,-0.000345452,0.06655899,0.202049272,0.000969842,traditional,10,9
10,0.020206876,0.118203955,-0.000298262,0.035615396,0.154175794,0.000138281,0.047493454,0.13901497,0.000300144,human_like,1,9
11,0.01418182,0.159122548,-0.000885658,0.017796216,0.084622749,0.000293931,0.041374274,0.109907426,0.000341192,human_like,2,9
12,0.011290173,0.123876669,-0.001024089,0.025545805,0.112486596,-0.000162126,0.05537051,0.102205151,0.000609196,human_like,3,9
13,0.015962094,0.227667852,-0.000817382,0.027494801,0.173362015,-0.000115884,0.069356685,0.2663348,0.000573348,human_like,4,9
14,0.013661498,0.158131612,-0.00112668,0.022551261,0.169513952,-0.000109213,0.047311766,0.147643895,0.000646768,human_like,5,9
15,0.012371564,0.110399012,-0.000828995,0.01474511,0.12658473,-7.60E-05,0.041723667,0.179044245,0.000193526,human_like,6,9
16,0.013992026,0.080010662,-0.001109131,0.016900729,0.091972561,-0.000136695,0.048610847,0.159801032,0.000216005,human_like,7,9
17,0.013694336,0.169632867,-0.000549608,0.020591156,0.093392387,-6.55E-05,0.056108545,0.139948892,0.000390924,human_like,8,9
18,0.014210993,0.097175166,-0.001305628,0.022347625,0.081401562,-0.000155455,0.060952725,0.115609523,0.000681343,human_like,9,9
19,0.016276154,0.10549562,-0.000859091,0.025199858,0.076536168,6.93E-05,0.04219356,0.136851152,0.000437553,human_like,10,9
0,0.02667153,0.171333795,-0.000161931,0.039588735,0.194500969,7.87E-05,0.043549267,0.318050128,0.000156739,traditional,1,10
1,0.017844513,0.178301992,-0.000199124,0.028881749,0.238826055,-0.000180463,0.041652229,0.300783446,0.000176376,traditional,2,10
2,0.013724501,0.088330704,-0.00025329,0.022371678,0.222368342,6.62E-05,0.030481562,0.270060906,0.000301472,traditional,3,10
3,0.013315004,0.071305101,-0.000415469,0.023706735,0.175890209,5.30E-05,0.036832828,0.260598434,0.000466402,traditional,4,10
4,0.013041235,0.11737726,-0.000334742,0.025453522,0.207351305,1.07E-05,0.029588734,0.262672627,0.000598672,traditional,5,10
5,0.011934583,0.12768118,-0.000353968,0.026912451,0.227160185,-5.30E-05,0.030733641,0.285605898,0.000513725,traditional,6,10
6,0.010109109,0.151482993,-0.000323568,0.022965461,0.258733475,-0.000141977,0.027288979,0.291584556,0.000428897,traditional,7,10
7,0.012143819,0.188584205,-0.000371876,0.026438934,0.208747568,0.000150425,0.038809439,0.21653303,0.000529022,traditional,8,10
8,0.014656019,0.073520255,-0.00055418,0.02465093,0.157278791,2.89E-06,0.027590466,0.192511767,0.000583676,traditional,9,10
9,0.010358058,0.13589215,-0.0002773,0.020922392,0.204632614,0.000249862,0.030479468,0.214987958,0.000552078,traditional,10,10
10,0.011974458,0.133783251,0.000257286,0.016252741,0.280168868,0.00011855,0.015232858,0.176231415,0.000174221,human_like,1,10
11,0.024602482,0.245154302,-0.000166774,0.03404929,0.267618944,5.72E-05,0.034113375,0.307059177,0.000407063,human_like,2,10
12,0.011648977,0.178824117,-0.000484729,0.025836832,0.259863026,-5.35E-05,0.042287312,0.227606889,0.000356308,human_like,3,10
13,0.010838359,0.223385577,-0.00024599,0.028850917,0.442649749,-1.90E-05,0.047486751,0.357321087,0.000358162,human_like,4,10
14,0.017456108,0.209214728,0.000358277,0.047313975,0.221061067,8.41E-05,0.034515597,0.185459413,0.000418977,human_like,5,10
15,0.01195108,0.136304408,-0.000325863,0.029006413,0.199683249,2.23E-05,0.030397282,0.219329776,0.00052263,human_like,6,10
16,0.007378609,0.306925022,-0.000199642,0.020746228,0.326139314,7.46E-05,0.032414102,0.329562534,0.000265064,human_like,7,10
17,0.01050651,0.335898573,-0.000136911,0.027621896,0.461930487,5.76E-05,0.031283551,0.372463106,0.00034248,human_like,8,10
18,0.008322399,0.364493011,-0.000140624,0.024647588,0.477731925,-8.46E-05,0.04138588,0.528111804,0.00029023,human_like,9,10
19,0.006907534,0.152605752,0.0004197,0.031716062,0.317666021,0.000133875,0.033847286,0.242459242,0.000452771,human_like,10,10
0,0.006085616,0.547950551,0.000551847,0.02548845,0.526699826,-2.70E-05,0.04881665,0.531718037,0.000154504,traditional,1,11
1,0.010260674,0.4885985,0.00073368,0.022240367,0.397476173,-0.00018256,0.045962661,0.514467348,0.000232933,traditional,2,11
2,0.011359268,0.575545617,0.000930411,0.015249506,0.393807103,-0.000104295,0.040212574,0.61153166,0.00025989,traditional,3,11
3,0.013975364,0.29321764,0.00107597,0.014010385,0.294972983,0.000397214,0.062118614,0.643519096,0.000394306,traditional,4,11
4,0.013885863,0.385537739,-0.000203461,0.027302187,0.483232395,-6.03E-05,0.040837957,0.608321855,0.00031997,traditional,5,11
5,0.011273184,0.48750135,0.000575567,0.031661701,0.518976938,-0.000256668,0.045183675,0.597814029,0.000280218,traditional,6,11
6,0.016356585,0.34042505,0.000190977,0.028384253,0.405909327,-6.61E-06,0.047249995,0.599641041,0.000133697,traditional,7,11
7,0.015170927,0.453008365,0.000688631,0.014032756,0.610611452,0.000105393,0.046618648,0.586770284,0.000168398,traditional,8,11
8,0.027707575,0.301579188,0.000585777,0.02721496,0.24065666,0.000101827,0.037646327,0.548492088,0.000198119,traditional,9,11
9,0.026807038,0.296845274,0.000464237,0.022293489,0.291835011,1.40E-05,0.03415999,0.312288486,0.000575112,traditional,10,11
10,0.006570029,0.23077849,0.000171448,0.008482032,0.186134225,8.39E-05,0.018317771,0.204231931,-5.12E-05,human_like,1,11
11,0.014066724,0.133515706,-0.000188377,0.023573739,0.274330324,0.000404186,0.031608253,0.267256068,0.000341036,human_like,2,11
12,0.011637812,0.261531472,0.000227522,0.018554284,0.210206747,0.00016499,0.033315377,0.324477479,7.33E-06,human_like,3,11
13,0.015895141,0.218200713,0.000376523,0.026300444,0.423891108,0.000114282,0.040705061,0.306167703,0.000121238,human_like,4,11
14,0.015635225,0.304048815,0.000297576,0.016544694,0.250459433,0.000186527,0.032174683,0.267361875,0.000333841,human_like,5,11
15,0.017794343,0.445116087,0.000401879,0.018819182,0.274799568,0.000265083,0.045856634,0.24271007,0.000155571,human_like,6,11
16,0.011323023,0.288626996,0.000303311,0.020596431,0.337720957,2.53E-05,0.030509844,0.353239133,0.000414356,human_like,7,11
17,0.020402932,0.245464511,0.000648868,0.030203985,0.316966177,4.87E-05,0.046885523,0.398809924,2.46E-05,human_like,8,11
18,0.011994698,0.27034335,0.000144951,0.019321965,0.183327878,9.57E-05,0.032900395,0.217223571,0.000248347,human_like,9,11
19,0.008270532,0.395080449,0.000557759,0.016451983,0.31459347,0.00024127,0.037638127,0.422277888,0.000104211,human_like,10,11
0,0.011328371,0.333108173,0.000486713,0.022356568,0.554021111,-0.000199112,0.045158501,0.702953478,5.08E-05,traditional,1,12
1,0.010431468,0.262059572,0.00051468,0.017488422,0.257948924,-0.00042699,0.048963954,0.86739904,0.000214018,traditional,2,12
2,0.009687744,0.184723209,0.000596797,0.015080966,0.270074955,-0.000627402,0.050107965,0.815596924,0.000219967,traditional,3,12
3,0.01014371,0.173598863,0.000571994,0.017339404,0.1548393,-0.000278121,0.051865315,0.580784019,0.00020139,traditional,4,12
4,0.011438351,0.340977945,0.000451862,0.021575954,0.310613233,-0.000412975,0.056856555,0.752625024,0.000230965,traditional,5,12
5,0.01424353,0.177068644,0.000593416,0.023326456,0.213672309,-0.000497149,0.056883283,0.547455069,7.81E-05,traditional,6,12
6,0.016226976,0.389299066,0.000743748,0.028205542,0.534898328,-0.000565176,0.062271926,0.633107382,0.000102259,traditional,7,12
7,0.015405975,0.17372298,0.000681444,0.03003438,0.246790179,-0.000659905,0.058735901,0.749372924,0.000237311,traditional,8,12
8,0.015393658,0.186461362,0.00063878,0.017741247,0.209280716,-0.000576903,0.057592977,0.696414237,0.000398289,traditional,9,12
9,0.017601856,0.171844888,0.000780203,0.03938542,0.53662023,-0.000342875,0.063175734,0.648487884,0.000138854,traditional,10,12
10,0.011815912,0.343485264,0.000187469,0.022112169,0.319325595,-0.000122302,0.045019727,0.540445982,0.00011984,human_like,1,12
11,0.010953952,0.242606074,0.000639149,0.021918434,0.397802366,-8.11E-05,0.052089834,0.522705636,0.00029316,human_like,2,12
12,0.009974607,0.290330659,0.000118933,0.022583858,0.376601145,-0.000209981,0.059874823,0.414025768,0.000540416,human_like,3,12
13,0.01041577,0.272798021,-0.000316975,0.030769687,0.507518484,-0.000455989,0.060792472,0.492228117,0.0002267,human_like,4,12
14,0.016917683,0.282376655,-0.00056385,0.028475215,0.499423068,-0.000471961,0.056426963,0.585577343,0.000724042,human_like,5,12
15,0.010578676,0.329033563,-0.000400948,0.028062438,0.536860489,-0.000344812,0.041878989,0.599743159,0.000428709,human_like,6,12
16,0.008654758,0.271977886,0.000517334,0.035853419,0.446682696,-0.000305175,0.06044123,0.404091583,0.00029137,human_like,7,12
17,0.016175645,0.223210752,0.000441873,0.039633503,0.333211501,-0.0001774,0.066136604,0.461479366,0.00032846,human_like,8,12
18,0.0144226,0.246046466,0.000478098,0.031796866,0.393107697,-0.00043375,0.063954275,0.380851431,0.000474161,human_like,9,12
19,0.015334532,0.235271633,-0.000483725,0.028142243,0.510381245,-0.000799149,0.050930473,0.363503099,0.000494833,human_like,10,12
0,0.032663564,0.310772222,-0.001224236,0.036101518,0.253779253,0.000282543,0.056011597,0.348490429,0.00078083,traditional,1,13
1,0.026201103,0.297060752,-0.000902594,0.043416257,0.35200026,-0.000700049,0.090164732,0.308141573,0.000402494,traditional,2,13
2,0.023562133,0.212762355,-0.000945228,0.042474709,0.46560429,-0.000778972,0.099534771,0.47591165,0.000399401,traditional,3,13
3,0.019445292,0.247141198,-0.000753287,0.04229088,0.561725992,-0.000676952,0.074561515,0.368005904,0.000525873,traditional,4,13
4,0.024494528,0.270318789,-0.00085162,0.042209609,0.552416914,-0.000788542,0.073191649,0.423446701,0.000401969,traditional,5,13
5,0.023373792,0.211227838,-0.000868627,0.044147004,0.536550029,-0.000737103,0.087512792,0.518231759,0.000548207,traditional,6,13
6,0.026387204,0.222408373,-0.000922984,0.046018766,0.556137164,-0.000814788,0.090017006,0.489630723,0.000467054,traditional,7,13
7,0.025519353,0.242532328,-0.000907282,0.043281773,0.456488081,-0.00079841,0.080468407,0.47569381,0.00043126,traditional,8,13
8,0.026443451,0.251096985,-0.000940133,0.04930115,0.490728967,-0.000811351,0.07682749,0.5109784,0.000440673,traditional,9,13
9,0.024532255,0.301659949,-0.000938645,0.041670411,0.68234616,-0.001015592,0.083422251,0.441689022,0.000440904,traditional,10,13
10,0.01222774,0.369086993,-0.000168829,0.040549347,0.318200015,-4.22E-05,0.058498138,0.325165467,0.000398708,human_like,1,13
11,0.013264434,0.235790874,-0.00042015,0.03695672,0.411718473,-0.000522403,0.050787014,0.325639528,0.000611848,human_like,2,13
12,0.014705364,0.215781595,-0.000445244,0.029456208,0.349358183,-0.000469138,0.048523171,0.386688484,0.000597277,human_like,3,13
13,0.017914468,0.258729346,-0.000501093,0.046603827,0.499354919,-0.000485007,0.064924337,0.37050384,0.001048648,human_like,4,13
14,0.017174206,0.23279002,-0.000408078,0.042710855,0.365846161,-0.00066118,0.064873017,0.382262358,0.001059588,human_like,5,13
15,0.02077138,0.179397646,-0.000609052,0.042153317,0.290768062,-0.001011537,0.091168373,0.542759753,0.000946888,human_like,6,13
16,0.018539906,0.227114531,-0.000480417,0.049959231,0.357172909,-0.000357464,0.080278951,0.507698228,0.001101532,human_like,7,13
17,0.020641042,0.27670876,-0.000410306,0.032229482,0.270081351,-0.000299991,0.074336682,0.407121531,0.000843548,human_like,8,13
18,0.028382777,0.262934466,-0.000473106,0.04885117,0.429318864,-0.000487612,0.079118168,0.363181629,0.000752792,human_like,9,13
19,0.033008642,0.173140435,-0.000747564,0.03410398,0.193210336,-0.000456055,0.041212592,0.246594872,0.000427426,human_like,10,13
0,0.012238264,0.366600202,0.000122986,0.025172903,0.465256687,3.36E-05,0.037737726,0.534005646,6.61E-05,traditional,1,14
1,0.014656585,0.325431844,0.00070803,0.02127221,0.344192288,0.000237406,0.051299534,0.502223295,0.000245913,traditional,2,14
2,0.019551238,0.171194985,-0.000550596,0.027858656,0.30334472,-0.000388579,0.054833096,0.42370897,0.000260607,traditional,3,14
3,0.029261597,0.237157721,-0.000842738,0.051117532,0.567680833,-0.000592265,0.044547776,0.722320483,0.000592084,traditional,4,14
4,0.027499122,0.225919168,-0.000954868,0.032119401,0.489874423,-0.00093587,0.072672689,0.422893968,0.000439179,traditional,5,14
5,0.031631074,0.283827018,-0.001185459,0.049082445,0.380224826,0.000616318,0.086733306,0.678538903,0.000741579,traditional,6,14
6,0.027704443,0.189233128,-0.001017929,0.063265729,0.511142531,-7.32E-05,0.105752533,0.739688637,0.000514028,traditional,7,14
7,0.022156595,0.257477776,-0.000868814,0.042416693,0.316778157,8.23E-05,0.077156703,0.516491874,0.000402574,traditional,8,14
8,0.029171629,0.280979756,-0.001268722,0.065788626,0.530453772,9.08E-05,0.103699922,0.618592797,0.000656518,traditional,9,14
9,0.024049404,0.147913259,-0.000911002,0.051688879,0.429929633,0.000133392,0.098404414,0.59338832,0.000429321,traditional,10,14
10,0.012417457,0.298855148,-0.000476438,0.024989345,0.400927174,-8.26E-05,0.034033919,0.650500374,0.000280979,human_like,1,14
11,0.009940865,0.345028731,-0.000760004,0.022781561,0.37442415,-9.62E-05,0.028719682,0.393361363,0.000427151,human_like,2,14
12,0.015615701,0.270078616,0.000399553,0.026399009,0.29871283,-6.55E-05,0.060538305,0.531364308,0.000368945,human_like,3,14
13,0.018265615,0.242982947,0.000445899,0.034340432,0.234308137,-8.73E-06,0.050771224,0.477686965,0.000542383,human_like,4,14
14,0.007572219,0.136532767,0.000302656,0.018321145,0.211809505,-6.62E-05,0.040220079,0.293609475,0.000208622,human_like,5,14
15,0.020003302,0.250723403,0.000451605,0.039105243,0.355737376,0.000127445,0.052053266,0.370941744,0.000205866,human_like,6,14
16,0.022381766,0.342853545,0.00051191,0.045256958,0.461019237,-0.000169678,0.055917724,0.598788705,0.000508595,human_like,7,14
17,0.019754825,0.146326759,0.000560227,0.040809721,0.240716505,-0.000161431,0.05854245,0.54483207,0.000379224,human_like,8,14
18,0.01307596,0.142694389,0.000407682,0.020953315,0.204860167,-7.17E-05,0.034123543,0.261063011,0.000220477,human_like,9,14
19,0.009814688,0.157957775,0.000328383,0.013375632,0.142111497,-1.41E-05,0.026545861,0.254459512,0.000387319,human_like,10,14
0,0.021793612,0.303240098,-0.000855906,0.0330373,0.512099041,0.000318394,0.078105399,0.304998175,0.000297307,traditional,1,15
1,0.02483857,0.307395645,-0.001186262,0.025895706,0.304030976,0.000567803,0.078832717,0.381136595,0.000710575,traditional,2,15
2,0.032132324,0.534004846,-0.002099914,0.034486176,0.379067095,0.000602995,0.089071073,0.548958493,0.00112151,traditional,3,15
3,0.04114331,0.318619007,-0.00205732,0.042559614,0.387123449,0.000966707,0.12373176,0.43521845,0.001799638,traditional,4,15
4,0.06573554,0.369336384,-0.001767122,0.050020069,0.29705399,0.001041529,0.144272948,0.503078652,0.001763292,traditional,5,15
5,0.025787065,0.309388402,-0.001189925,0.026827242,0.494836519,0.000438053,0.058197069,0.465365295,0.000817535,traditional,6,15
6,0.025804651,0.502366834,-0.001550007,0.036696487,0.455279575,0.000718541,0.093830815,0.414248425,0.001418536,traditional,7,15
7,0.025857033,0.338797356,-0.001419726,0.032472939,0.304457307,0.000728873,0.074456754,0.425646751,0.001291719,traditional,8,15
8,0.01999305,0.272057249,-0.001483928,0.036805257,0.328548486,0.000672763,0.065582381,0.360420563,0.001192617,traditional,9,15
9,0.030263991,0.265595073,-0.001619509,0.03713623,0.261525038,0.000969977,0.085565245,0.629392666,0.001521313,traditional,10,15
10,0.007702705,0.140499252,0.000221194,0.012628887,0.288950243,9.92E-05,0.038744125,0.466733594,0.000121519,human_like,1,15
11,0.01401064,0.201361544,0.000778603,0.023243715,0.344958354,5.33E-05,0.066164946,0.383037857,0.00046077,human_like,2,15
12,0.01879093,0.33173243,0.000711077,0.035382936,0.508093105,-0.000256263,0.095784683,0.564914969,0.000570499,human_like,3,15
13,0.032401954,0.2396634,0.000472446,0.060604593,0.472877058,0.000702129,0.143498266,0.605107802,0.000701286,human_like,4,15
14,0.025886291,0.240836356,0.000537094,0.044586273,0.262158587,0.000451815,0.098010578,0.554599276,0.000304489,human_like,5,15
15,0.021293549,0.331618017,0.000530112,0.042481746,0.532836991,0.000170058,0.080303189,0.429587749,0.000528827,human_like,6,15
16,0.010720576,0.308274518,0.000484314,0.026708631,0.492182022,9.75E-05,0.063720133,0.46642234,0.0003018,human_like,7,15
17,0.015721162,0.24403713,-0.000981797,0.024706905,0.309144833,0.000229599,0.068621759,0.513562357,0.000605933,human_like,8,15
18,0.017014952,0.229491396,-0.001346437,0.029393816,0.317500187,0.000112684,0.074341754,0.516445961,0.000844091,human_like,9,15
19,0.023618572,0.257743326,-0.001776101,0.033431606,0.280594729,0.000252061,0.107997999,0.592578153,0.001088183,human_like,10,15
0,0.013238889,0.165422482,0.000370699,0.022491968,0.20308974,0.000234294,0.023989578,0.357221999,0.00027633,traditional,1,16
1,0.008272309,0.278690613,0.000298764,0.014573564,0.208381779,8.94E-05,0.024448607,0.273751426,0.000237289,traditional,2,16
2,0.014123609,0.209949152,0.000379575,0.023648967,0.108006447,0.00020425,0.041630294,0.370041861,0.000275532,traditional,3,16
3,0.014824652,0.229532346,0.000577717,0.022647112,0.155872092,9.06E-05,0.0468663,0.442883365,0.000467461,traditional,4,16
4,0.024569679,0.130947336,0.000762461,0.046319207,0.185433797,0.00049462,0.047667974,0.207401184,0.000788751,traditional,5,16
5,0.016928705,0.207058701,0.000777715,0.037470654,0.171495711,0.000348871,0.050466324,0.281941847,0.000649456,traditional,6,16
6,0.019454141,0.173233315,0.000588494,0.034939017,0.177024616,0.000289108,0.036987077,0.315777295,0.000377581,traditional,7,16
7,0.020501743,0.193608221,0.000628103,0.0438432,0.183392053,0.000566329,0.038070347,0.193613321,0.000591874,traditional,8,16
8,0.019788551,0.261671851,0.00104866,0.049599657,0.211175635,0.000392976,0.065269956,0.306797141,0.000857585,traditional,9,16
9,0.017928143,0.17343968,0.000770759,0.036066489,0.146336955,0.000419285,0.037295915,0.313061726,0.000652051,traditional,10,16
10,0.016645922,0.185898782,0.000269977,0.016779272,0.339109487,0.000147745,0.037741076,0.209640422,0.000183576,human_like,1,16
11,0.018268698,0.10098315,0.000507269,0.03054194,0.2098611,0.000302967,0.048791537,0.25185614,0.000213156,human_like,2,16
12,0.019813581,0.320719931,0.000529082,0.03369067,0.358530399,1.10E-05,0.050353982,0.255134295,0.00074452,human_like,3,16
13,0.030031528,0.215298056,0.000793476,0.046627188,0.301476072,0.000334774,0.057454279,0.352956869,0.000863527,human_like,4,16
14,0.02397269,0.180425747,0.000670718,0.031877402,0.151029587,2.89E-05,0.054206004,0.239067708,0.000271866,human_like,5,16
15,0.015538748,0.185483379,0.000553598,0.029714112,0.335642902,-3.50E-05,0.040671868,0.272063119,0.000707854,human_like,6,16
16,0.018428999,0.2778128,0.000467862,0.040322081,0.404244814,9.57E-07,0.046531229,0.28764664,0.000516973,human_like,7,16
17,0.020788304,0.222903783,0.000644226,0.038093385,0.229865629,0.000219105,0.058964554,0.33527521,6.05E-05,human_like,8,16
18,0.014485693,0.204804181,0.000396211,0.050601835,0.285533583,1.04E-05,0.058506546,0.350203242,0.000231949,human_like,9,16
19,0.02061372,0.252491738,0.000547702,0.035319209,0.22606792,0.000180756,0.042181151,0.286418537,0.000581619,human_like,10,16
